distance_bucket,trips,revenue,avg_fare
long_>5km,11160,411970.9,30.16860752688172
medium_2_5km,24173,390342.43,13.17118686137426
short_<2km,44168,401424.53,6.980154410432893
