pickup_hour,trips,revenue
0,3643,56491.73
1,8999,132387.27
2,6911,103623.63
3,1626,24798.420000000002
4,65,1180.21
5,214,4010.88
6,345,4854.58
7,10408,154539.16
8,10910,165373.2
9,1820,25939.03
10,909,12584.08
11,719,10431.550000000001
12,974,13402.31
13,868,12565.32
14,1151,17862.64
15,988,15597.48
16,986,14118.78
17,1120,16172.66
18,1232,18677.86
19,1596,22753.75
20,5375,83181.92
21,16615,261257.73
22,983,15281.07
23,1044,16652.6
