time_bucket,trips,revenue,avg_fare
off_peak,46131,704516.2,12.21650170167566
peak,33370,499221.66000000003,11.981084207371891
