total_revenue,avg_trip_distance,avg_fare,avg_tip_percentage,avg_revenue_per_mile,total_trips,zero_tip_rate_pct,avg_trip_duration_min
1203737.86,2.893166626834882,12.117686821549414,14.047832026649637,8.013818829679936,79501,36.1014326863813,14.88768652805206
