avg_duration_min,p90_duration_min,max_duration_min
14.88768652805206,23.866666666666667,1439.4333333333334
