pickup_day,avg_fare
Sunday,12.988298015226563
Friday,12.789182675870476
Saturday,12.385310706797615
Monday,11.964935611705508
Tuesday,11.77928862321828
Wednesday,11.69429913860611
