{"total_trips":11995,"total_revenue":1762649.5500000024,"avg_distance":23.63478115881618}
